MOF,"(x,y)"
str_m1_o10_o18_pcu_sym.166,"(0, 0.20024977528374482)"
str_m1_o10_o18_pcu_sym.166,"(1, 0.18576815821199033)"
str_m1_o10_o18_pcu_sym.166,"(2, 0.17033308063615993)"
str_m1_o10_o18_pcu_sym.166,"(3, 0.15396177273554432)"
str_m1_o10_o18_pcu_sym.166,"(4, 0.1366882408872071)"
str_m1_o10_o18_pcu_sym.166,"(5, 0.11856455730593637)"
str_m1_o10_o18_pcu_sym.166,"(6, 0.09966157314612806)"
str_m1_o10_o18_pcu_sym.166,"(7, 0.08006891249647075)"
str_m1_o10_o18_pcu_sym.166,"(8, 0.05989413708474098)"
str_m1_o10_o18_pcu_sym.166,"(9, 0.03926102215106503)"
str_m1_o10_o18_pcu_sym.166,"(10, 0.018306949895382202)"
str_m1_o10_o18_pcu_sym.166,"(11, -0.002820497948533368)"
str_m1_o10_o18_pcu_sym.166,"(12, -0.023967591269731026)"
str_m1_o10_o18_pcu_sym.166,"(13, -0.044978923454539244)"
str_m1_o10_o18_pcu_sym.166,"(14, -0.06570203459712633)"
str_m1_o10_o18_pcu_sym.166,"(15, -0.08599189723758882)"
str_m1_o10_o18_pcu_sym.166,"(16, -0.10571498681086285)"
str_m1_o10_o18_pcu_sym.166,"(17, -0.12475269908231441)"
str_m1_o10_o18_pcu_sym.166,"(18, -0.14300394014219114)"
str_m1_o10_o18_pcu_sym.166,"(19, -0.16038679177402396)"
str_m1_o10_o18_pcu_sym.166,"(20, -0.1768392354706609)"
str_m1_o10_o18_pcu_sym.166,"(21, -0.1923189918894839)"
str_m1_o10_o18_pcu_sym.166,"(22, -0.20680259123585712)"
str_m1_o10_o18_pcu_sym.166,"(23, -0.22028382934299776)"
str_m1_o10_o18_pcu_sym.166,"(24, -0.2327717829543509)"
str_m1_o10_o18_pcu_sym.166,"(25, -0.24428855776004543)"
str_m1_o10_o18_pcu_sym.166,"(26, -0.2548669279737884)"
str_m1_o10_o18_pcu_sym.166,"(27, -0.26454800150275776)"
str_m1_o10_o18_pcu_sym.166,"(28, -0.273379014908499)"
str_m1_o10_o18_pcu_sym.166,"(29, -0.28141133154950404)"
str_m1_o10_o18_pcu_sym.166,"(30, -0.28869868765351603)"
str_m1_o10_o18_pcu_sym.166,"(31, -0.29529570656579995)"
str_m1_o10_o18_pcu_sym.166,"(32, -0.3012566820032928)"
str_m1_o10_o18_pcu_sym.166,"(33, -0.30663461694802285)"
str_m1_o10_o18_pcu_sym.166,"(34, -0.31148049541642386)"
str_m1_o10_o18_pcu_sym.166,"(35, -0.3158427590079147)"
str_m1_o10_o18_pcu_sym.166,"(36, -0.31976695800458843)"
str_m1_o10_o18_pcu_sym.166,"(37, -0.3232955470121166)"
str_m1_o10_o18_pcu_sym.166,"(38, -0.3264677969399524)"
str_m1_o10_o18_pcu_sym.166,"(39, -0.3293197978888668)"
str_m1_o10_o18_pcu_sym.166,"(40, -0.33188453076006186)"
str_m1_o10_o18_pcu_sym.166,"(41, -0.33419198877000356)"
str_m1_o10_o18_pcu_sym.166,"(42, -0.3362693333101032)"
str_m1_o10_o18_pcu_sym.166,"(43, -0.33814107158318596)"
str_m1_o10_o18_pcu_sym.166,"(44, -0.33982924610098086)"
str_m1_o10_o18_pcu_sym.166,"(45, -0.3413536284095091)"
str_m1_o10_o18_pcu_sym.166,"(46, -0.3427319113261248)"
str_m1_o10_o18_pcu_sym.166,"(47, -0.3439798955473247)"
str_m1_o10_o18_pcu_sym.166,"(48, -0.3451116677557544)"
str_m1_o10_o18_pcu_sym.166,"(49, -0.34613976835818305)"
str_m1_o10_o18_pcu_sym.166,"(50, -0.3470753477641306)"
str_m1_o10_o18_pcu_sym.166,"(51, -0.34792831070554825)"
str_m1_o10_o18_pcu_sym.166,"(52, -0.34870744853603775)"
str_m1_o10_o18_pcu_sym.166,"(53, -0.3494205597637623)"
str_m1_o10_o18_pcu_sym.166,"(54, -0.3500745592912107)"
str_m1_o10_o18_pcu_sym.166,"(55, -0.3506755769788482)"
str_m1_o10_o18_pcu_sym.166,"(56, -0.35122904623611323)"
str_m1_o10_o18_pcu_sym.166,"(57, -0.3517397833864604)"
str_m1_o10_o18_pcu_sym.166,"(58, -0.3522120585646845)"
str_m1_o10_o18_pcu_sym.166,"(59, -0.3526496588934944)"
str_m1_o10_o18_pcu_sym.166,"(60, -0.35305594465932283)"
str_m1_o10_o18_pcu_sym.166,"(61, -0.35343389916993573)"
str_m1_o10_o18_pcu_sym.166,"(62, -0.35378617293269304)"
str_m1_o10_o18_pcu_sym.166,"(63, -0.35411512274526347)"
str_m1_o10_o18_pcu_sym.166,"(64, -0.35442284624248316)"
str_m1_o10_o18_pcu_sym.166,"(65, -0.3547112123954002)"
str_m1_o10_o18_pcu_sym.166,"(66, -0.35498188841250244)"
str_m1_o10_o18_pcu_sym.166,"(67, -0.3552363634493606)"
str_m1_o10_o18_pcu_sym.166,"(68, -0.3554759694919162)"
str_m1_o10_o18_pcu_sym.166,"(69, -0.35570189974061295)"
str_m1_o10_o18_pcu_sym.166,"(70, -0.355915224787603)"
str_m1_o10_o18_pcu_sym.166,"(71, -0.35611690684734637)"
str_m1_o10_o18_pcu_sym.166,"(72, -0.35630781227195096)"
str_m1_o10_o18_pcu_sym.166,"(73, -0.35648872255645025)"
str_m1_o10_o18_pcu_sym.166,"(74, -0.3566603440156816)"
str_m1_o10_o18_pcu_sym.166,"(75, -0.35682331629335884)"
str_m1_o10_o18_pcu_sym.166,"(76, -0.3569782198451019)"
str_m1_o10_o18_pcu_sym.166,"(77, -0.35712558252041077)"
str_m1_o10_o18_pcu_sym.166,"(78, -0.357265885353665)"
str_m1_o10_o18_pcu_sym.166,"(79, -0.35739956766100905)"
str_m1_o10_o18_pcu_sym.166,"(80, -0.3575270315282705)"
str_m1_o10_o18_pcu_sym.166,"(81, -0.3576486457647181)"
str_m1_o10_o18_pcu_sym.166,"(82, -0.3577647493883249)"
str_m1_o10_o18_pcu_sym.166,"(83, -0.35787565470015975)"
str_m1_o10_o18_pcu_sym.166,"(84, -0.3579816499984225)"
str_m1_o10_o18_pcu_sym.166,"(85, -0.3580830019764243)"
str_m1_o10_o18_pcu_sym.166,"(86, -0.3581799578433082)"
str_m1_o10_o18_pcu_sym.166,"(87, -0.35827274720151076)"
str_m1_o10_o18_pcu_sym.166,"(88, -0.35836158371072535)"
str_m1_o10_o18_pcu_sym.166,"(89, -0.35844666656443414)"
str_m1_o10_o18_pcu_sym.166,"(90, -0.3585281818018215)"
str_m1_o10_o18_pcu_sym.166,"(91, -0.3586063034750378)"
str_m1_o10_o18_pcu_sym.166,"(92, -0.35868119468929527)"
str_m1_o10_o18_pcu_sym.166,"(93, -0.35875300853109093)"
str_m1_o10_o18_pcu_sym.166,"(94, -0.35882188889795147)"
str_m1_o10_o18_pcu_sym.166,"(95, -0.3588879712414188)"
str_m1_o10_o18_pcu_sym.166,"(96, -0.3589513832335407)"
str_m1_o10_o18_pcu_sym.166,"(97, -0.3590122453658559)"
str_m1_o10_o18_pcu_sym.166,"(98, -0.3590706714887406)"
str_m1_o10_o18_pcu_sym.166,"(99, -0.3591267692980209)"
str_m2_o1_o1_pcu_sym.13,"(0, 0.12776841043104334)"
str_m2_o1_o1_pcu_sym.13,"(1, 0.11607220306076585)"
str_m2_o1_o1_pcu_sym.13,"(2, 0.10395150279729623)"
str_m2_o1_o1_pcu_sym.13,"(3, 0.09142539596124347)"
str_m2_o1_o1_pcu_sym.13,"(4, 0.07851830930014936)"
str_m2_o1_o1_pcu_sym.13,"(5, 0.06526005641905591)"
str_m2_o1_o1_pcu_sym.13,"(6, 0.051685744823881635)"
str_m2_o1_o1_pcu_sym.13,"(7, 0.03783553304109616)"
str_m2_o1_o1_pcu_sym.13,"(8, 0.02375423369325616)"
str_m2_o1_o1_pcu_sym.13,"(9, 0.009490765780557603)"
str_m2_o1_o1_pcu_sym.13,"(10, -0.004902532744231386)"
str_m2_o1_o1_pcu_sym.13,"(11, -0.019370713302210574)"
str_m2_o1_o1_pcu_sym.13,"(12, -0.033857120138244906)"
str_m2_o1_o1_pcu_sym.13,"(13, -0.04830435748521225)"
str_m2_o1_o1_pcu_sym.13,"(14, -0.06265528523975476)"
str_m2_o1_o1_pcu_sym.13,"(15, -0.07685400632511057)"
str_m2_o1_o1_pcu_sym.13,"(16, -0.09084680959953262)"
str_m2_o1_o1_pcu_sym.13,"(17, -0.10458303507154901)"
str_m2_o1_o1_pcu_sym.13,"(18, -0.11801583301808308)"
str_m2_o1_o1_pcu_sym.13,"(19, -0.13110279491694105)"
str_m2_o1_o1_pcu_sym.13,"(20, -0.14380644134470646)"
str_m2_o1_o1_pcu_sym.13,"(21, -0.15609455955942697)"
str_m2_o1_o1_pcu_sym.13,"(22, -0.1679403908161493)"
str_m2_o1_o1_pcu_sym.13,"(23, -0.17932267406537003)"
str_m2_o1_o1_pcu_sym.13,"(24, -0.1902255581925052)"
str_m2_o1_o1_pcu_sym.13,"(25, -0.20063839914188714)"
str_m2_o1_o1_pcu_sym.13,"(26, -0.21055546104192327)"
str_m2_o1_o1_pcu_sym.13,"(27, -0.2199755418434945)"
str_m2_o1_o1_pcu_sym.13,"(28, -0.22890154413486238)"
str_m2_o1_o1_pcu_sym.13,"(29, -0.23734001090506007)"
str_m2_o1_o1_pcu_sym.13,"(30, -0.24530064433293064)"
str_m2_o1_o1_pcu_sym.13,"(31, -0.25279582342895063)"
str_m2_o1_o1_pcu_sym.13,"(32, -0.2598401337869317)"
str_m2_o1_o1_pcu_sym.13,"(33, -0.26644992001895307)"
str_m2_o1_o1_pcu_sym.13,"(34, -0.2726428688175752)"
str_m2_o1_o1_pcu_sym.13,"(35, -0.2784376281409612)"
str_m2_o1_o1_pcu_sym.13,"(36, -0.28385346583472154)"
str_m2_o1_o1_pcu_sym.13,"(37, -0.28890996913832867)"
str_m2_o1_o1_pcu_sym.13,"(38, -0.2936267849924906)"
str_m2_o1_o1_pcu_sym.13,"(39, -0.2980233998619004)"
str_m2_o1_o1_pcu_sym.13,"(40, -0.30211895689318696)"
str_m2_o1_o1_pcu_sym.13,"(41, -0.30593210760759615)"
str_m2_o1_o1_pcu_sym.13,"(42, -0.3094808949429867)"
str_m2_o1_o1_pcu_sym.13,"(43, -0.3127826642692513)"
str_m2_o1_o1_pcu_sym.13,"(44, -0.31585399896554345)"
str_m2_o1_o1_pcu_sym.13,"(45, -0.31871067722996715)"
str_m2_o1_o1_pcu_sym.13,"(46, -0.321367646960252)"
str_m2_o1_o1_pcu_sym.13,"(47, -0.32383901576969565)"
str_m2_o1_o1_pcu_sym.13,"(48, -0.3261380534635775)"
str_m2_o1_o1_pcu_sym.13,"(49, -0.32827720457917364)"
str_m2_o1_o1_pcu_sym.13,"(50, -0.33026810887351754)"
str_m2_o1_o1_pcu_sym.13,"(51, -0.33212162791689326)"
str_m2_o1_o1_pcu_sym.13,"(52, -0.33384787620951406)"
str_m2_o1_o1_pcu_sym.13,"(53, -0.335456255479275)"
str_m2_o1_o1_pcu_sym.13,"(54, -0.3369554910371653)"
str_m2_o1_o1_pcu_sym.13,"(55, -0.33835366926275096)"
str_m2_o1_o1_pcu_sym.13,"(56, -0.3396582754650319)"
str_m2_o1_o1_pcu_sym.13,"(57, -0.3408762315147539)"
str_m2_o1_o1_pcu_sym.13,"(58, -0.34201393277418235)"
str_m2_o1_o1_pcu_sym.13,"(59, -0.34307728396111714)"
str_m2_o1_o1_pcu_sym.13,"(60, -0.344071733677319)"
str_m2_o1_o1_pcu_sym.13,"(61, -0.3450023074094316)"
str_m2_o1_o1_pcu_sym.13,"(62, -0.34587363887476186)"
str_m2_o1_o1_pcu_sym.13,"(63, -0.3466899996366632)"
str_m2_o1_o1_pcu_sym.13,"(64, -0.34745532695643044)"
str_m2_o1_o1_pcu_sym.13,"(65, -0.3481732498820096)"
str_m2_o1_o1_pcu_sym.13,"(66, -0.348847113599852)"
str_m2_o1_o1_pcu_sym.13,"(67, -0.34948000209604413)"
str_m2_o1_o1_pcu_sym.13,"(68, -0.3500747591875006)"
str_m2_o1_o1_pcu_sym.13,"(69, -0.35063400799442934)"
str_m2_o1_o1_pcu_sym.13,"(70, -0.35116016893222357)"
str_m2_o1_o1_pcu_sym.13,"(71, -0.35165547630510496)"
str_m2_o1_o1_pcu_sym.13,"(72, -0.3521219935857862)"
str_m2_o1_o1_pcu_sym.13,"(73, -0.35256162746560893)"
str_m2_o1_o1_pcu_sym.13,"(74, -0.35297614075846906)"
str_m2_o1_o1_pcu_sym.13,"(75, -0.3533671642396593)"
str_m2_o1_o1_pcu_sym.13,"(76, -0.35373620749784274)"
str_m2_o1_o1_pcu_sym.13,"(77, -0.3540846688749134)"
str_m2_o1_o1_pcu_sym.13,"(78, -0.3544138445647064)"
str_m2_o1_o1_pcu_sym.13,"(79, -0.35472493693749946)"
str_m2_o1_o1_pcu_sym.13,"(80, -0.35501906215314966)"
str_m2_o1_o1_pcu_sym.13,"(81, -0.3552972571215952)"
str_m2_o1_o1_pcu_sym.13,"(82, -0.35556048586538835)"
str_m2_o1_o1_pcu_sym.13,"(83, -0.35580964533499726)"
str_m2_o1_o1_pcu_sym.13,"(84, -0.3560455707237964)"
str_m2_o1_o1_pcu_sym.13,"(85, -0.35626904032605944)"
str_m2_o1_o1_pcu_sym.13,"(86, -0.35648077997781347)"
str_m2_o1_o1_pcu_sym.13,"(87, -0.3566814671171874)"
str_m2_o1_o1_pcu_sym.13,"(88, -0.3568717344978466)"
str_m2_o1_o1_pcu_sym.13,"(89, -0.3570521735862725)"
str_m2_o1_o1_pcu_sym.13,"(90, -0.35722333767101466)"
str_m2_o1_o1_pcu_sym.13,"(91, -0.35738574470960055)"
str_m2_o1_o1_pcu_sym.13,"(92, -0.35753987993653735)"
str_m2_o1_o1_pcu_sym.13,"(93, -0.35768619825375747)"
str_m2_o1_o1_pcu_sym.13,"(94, -0.3578251264229593)"
str_m2_o1_o1_pcu_sym.13,"(95, -0.3579570650775353)"
str_m2_o1_o1_pcu_sym.13,"(96, -0.35808239057018015)"
str_m2_o1_o1_pcu_sym.13,"(97, -0.3582014566708064)"
str_m2_o1_o1_pcu_sym.13,"(98, -0.358314596128054)"
str_m2_o1_o1_pcu_sym.13,"(99, -0.3584221221064641)"
str_m2_o1_o1_pcu_sym.22,"(0, 0.07650217528307313)"
str_m2_o1_o1_pcu_sym.22,"(1, 0.05943642754007872)"
str_m2_o1_o1_pcu_sym.22,"(2, 0.04198398599465761)"
str_m2_o1_o1_pcu_sym.22,"(3, 0.024228965471970565)"
str_m2_o1_o1_pcu_sym.22,"(4, 0.006263482172903262)"
str_m2_o1_o1_pcu_sym.22,"(5, -0.011814233197463997)"
str_m2_o1_o1_pcu_sym.22,"(6, -0.029902057567661677)"
str_m2_o1_o1_pcu_sym.22,"(7, -0.04789642831931387)"
str_m2_o1_o1_pcu_sym.22,"(8, -0.065694900638259)"
str_m2_o1_o1_pcu_sym.22,"(9, -0.08319867267099454)"
str_m2_o1_o1_pcu_sym.22,"(10, -0.10031494369394527)"
str_m2_o1_o1_pcu_sym.22,"(11, -0.11695898473810926)"
str_m2_o1_o1_pcu_sym.22,"(12, -0.13305582574421226)"
str_m2_o1_o1_pcu_sym.22,"(13, -0.14854149511600848)"
str_m2_o1_o1_pcu_sym.22,"(14, -0.1633637825163654)"
str_m2_o1_o1_pcu_sym.22,"(15, -0.1774825298853333)"
str_m2_o1_o1_pcu_sym.22,"(16, -0.19086948549541807)"
str_m2_o1_o1_pcu_sym.22,"(17, -0.20350777894984975)"
str_m2_o1_o1_pcu_sym.22,"(18, -0.21539109013173174)"
str_m2_o1_o1_pcu_sym.22,"(19, -0.226522592143915)"
str_m2_o1_o1_pcu_sym.22,"(20, -0.23691374809836405)"
str_m2_o1_o1_pcu_sym.22,"(21, -0.24658303569485918)"
str_m2_o1_o1_pcu_sym.22,"(22, -0.255554663628726)"
str_m2_o1_o1_pcu_sym.22,"(23, -0.26385733173336245)"
str_m2_o1_o1_pcu_sym.22,"(24, -0.27152307392528485)"
str_m2_o1_o1_pcu_sym.22,"(25, -0.2785862106709653)"
str_m2_o1_o1_pcu_sym.22,"(26, -0.2850824266563662)"
str_m2_o1_o1_pcu_sym.22,"(27, -0.29104798008145144)"
str_m2_o1_o1_pcu_sym.22,"(28, -0.2965190427007113)"
str_m2_o1_o1_pcu_sym.22,"(29, -0.30153116434671245)"
str_m2_o1_o1_pcu_sym.22,"(30, -0.30611885202307276)"
str_m2_o1_o1_pcu_sym.22,"(31, -0.31031525147304717)"
str_m2_o1_o1_pcu_sym.22,"(32, -0.3141519181281178)"
str_m2_o1_o1_pcu_sym.22,"(33, -0.3176586642319772)"
str_m2_o1_o1_pcu_sym.22,"(34, -0.3208634694617049)"
str_m2_o1_o1_pcu_sym.22,"(35, -0.32379244331191115)"
str_m2_o1_o1_pcu_sym.22,"(36, -0.32646982869423613)"
str_m2_o1_o1_pcu_sym.22,"(37, -0.32891803750022525)"
str_m2_o1_o1_pcu_sym.22,"(38, -0.3311577101833182)"
str_m2_o1_o1_pcu_sym.22,"(39, -0.33320779266926304)"
str_m2_o1_o1_pcu_sym.22,"(40, -0.33508562506204165)"
str_m2_o1_o1_pcu_sym.22,"(41, -0.3368070376513773)"
str_m2_o1_o1_pcu_sym.22,"(42, -0.33838645063881256)"
str_m2_o1_o1_pcu_sym.22,"(43, -0.33983697478239483)"
str_m2_o1_o1_pcu_sym.22,"(44, -0.3411705108215931)"
str_m2_o1_o1_pcu_sym.22,"(45, -0.3423978460943188)"
str_m2_o1_o1_pcu_sym.22,"(46, -0.34352874720881255)"
str_m2_o1_o1_pcu_sym.22,"(47, -0.34457204799730834)"
str_m2_o1_o1_pcu_sym.22,"(48, -0.3455357322681204)"
str_m2_o1_o1_pcu_sym.22,"(49, -0.34642701109970475)"
str_m2_o1_o1_pcu_sym.22,"(50, -0.3472523945947972)"
str_m2_o1_o1_pcu_sym.22,"(51, -0.34801775814424063)"
str_m2_o1_o1_pcu_sym.22,"(52, -0.3487284033466193)"
str_m2_o1_o1_pcu_sym.22,"(53, -0.34938911379821613)"
str_m2_o1_o1_pcu_sym.22,"(54, -0.35000420601391613)"
str_m2_o1_o1_pcu_sym.22,"(55, -0.3505775757682938)"
str_m2_o1_o1_pcu_sym.22,"(56, -0.3511127401612534)"
str_m2_o1_o1_pcu_sym.22,"(57, -0.351612875717464)"
str_m2_o1_o1_pcu_sym.22,"(58, -0.3520808528260659)"
str_m2_o1_o1_pcu_sym.22,"(59, -0.35251926681882595)"
str_m2_o1_o1_pcu_sym.22,"(60, -0.35293046597271993)"
str_m2_o1_o1_pcu_sym.22,"(61, -0.3533165767081534)"
str_m2_o1_o1_pcu_sym.22,"(62, -0.35367952623767274)"
str_m2_o1_o1_pcu_sym.22,"(63, -0.35402106290284097)"
str_m2_o1_o1_pcu_sym.22,"(64, -0.3543427744195703)"
str_m2_o1_o1_pcu_sym.22,"(65, -0.3546461042349658)"
str_m2_o1_o1_pcu_sym.22,"(66, -0.3549323661820497)"
str_m2_o1_o1_pcu_sym.22,"(67, -0.3552027576027129)"
str_m2_o1_o1_pcu_sym.22,"(68, -0.3554583710941037)"
str_m2_o1_o1_pcu_sym.22,"(69, -0.3557002050194374)"
str_m2_o1_o1_pcu_sym.22,"(70, -0.3559291729109687)"
str_m2_o1_o1_pcu_sym.22,"(71, -0.35614611188061013)"
str_m2_o1_o1_pcu_sym.22,"(72, -0.3563517901423806)"
str_m2_o1_o1_pcu_sym.22,"(73, -0.3565469137405224)"
str_m2_o1_o1_pcu_sym.22,"(74, -0.356732132567658)"
str_m2_o1_o1_pcu_sym.22,"(75, -0.356908045748756)"
str_m2_o1_o1_pcu_sym.22,"(76, -0.3570752064588504)"
str_m2_o1_o1_pcu_sym.22,"(77, -0.35723412623538703)"
str_m2_o1_o1_pcu_sym.22,"(78, -0.357385278839665)"
str_m2_o1_o1_pcu_sym.22,"(79, -0.35752910371608726)"
str_m2_o1_o1_pcu_sym.22,"(80, -0.3576660090927293)"
str_m2_o1_o1_pcu_sym.22,"(81, -0.3577963747620783)"
str_m2_o1_o1_pcu_sym.22,"(82, -0.3579205545766048)"
str_m2_o1_o1_pcu_sym.22,"(83, -0.3580388786900706)"
str_m2_o1_o1_pcu_sym.22,"(84, -0.35815165557212575)"
str_m2_o1_o1_pcu_sym.22,"(85, -0.3582591738207284)"
str_m2_o1_o1_pcu_sym.22,"(86, -0.3583617037942449)"
str_m2_o1_o1_pcu_sym.22,"(87, -0.3584594990826844)"
str_m2_o1_o1_pcu_sym.22,"(88, -0.35855279783537986)"
str_m2_o1_o1_pcu_sym.22,"(89, -0.35864182396052485)"
str_m2_o1_o1_pcu_sym.22,"(90, -0.35872678821026616)"
str_m2_o1_o1_pcu_sym.22,"(91, -0.35880788916355094)"
str_m2_o1_o1_pcu_sym.22,"(92, -0.35888531411756314)"
str_m2_o1_o1_pcu_sym.22,"(93, -0.3589592398973984)"
str_m2_o1_o1_pcu_sym.22,"(94, -0.35902983359255414)"
str_m2_o1_o1_pcu_sym.22,"(95, -0.3590972532278599)"
str_m2_o1_o1_pcu_sym.22,"(96, -0.3591616483756397)"
str_m2_o1_o1_pcu_sym.22,"(97, -0.3592231607151404)"
str_m2_o1_o1_pcu_sym.22,"(98, -0.35928192454460006)"
str_m2_o1_o1_pcu_sym.22,"(99, -0.3593380672507396)"
str_m2_o1_o1_pcu_sym.28,"(0, 0.14786502120619707)"
str_m2_o1_o1_pcu_sym.28,"(1, 0.13989405165113905)"
str_m2_o1_o1_pcu_sym.28,"(2, 0.13158261214336858)"
str_m2_o1_o1_pcu_sym.28,"(3, 0.12292861534738433)"
str_m2_o1_o1_pcu_sym.28,"(4, 0.11393217710660837)"
str_m2_o1_o1_pcu_sym.28,"(5, 0.1045958449447964)"
str_m2_o1_o1_pcu_sym.28,"(6, 0.09492480698349945)"
str_m2_o1_o1_pcu_sym.28,"(7, 0.08492707300428043)"
str_m2_o1_o1_pcu_sym.28,"(8, 0.07461361921236401)"
str_m2_o1_o1_pcu_sym.28,"(9, 0.06399848846221051)"
str_m2_o1_o1_pcu_sym.28,"(10, 0.053098838336076426)"
str_m2_o1_o1_pcu_sym.28,"(11, 0.041934930552256694)"
str_m2_o1_o1_pcu_sym.28,"(12, 0.030530056719330262)"
str_m2_o1_o1_pcu_sym.28,"(13, 0.018910397411011526)"
str_m2_o1_o1_pcu_sym.28,"(14, 0.007104813841256941)"
str_m2_o1_o1_pcu_sym.28,"(15, -0.004855426035763305)"
str_m2_o1_o1_pcu_sym.28,"(16, -0.016936982527895855)"
str_m2_o1_o1_pcu_sym.28,"(17, -0.029104833241640954)"
str_m2_o1_o1_pcu_sym.28,"(18, -0.04132270670871123)"
str_m2_o1_o1_pcu_sym.28,"(19, -0.05355354915759647)"
str_m2_o1_o1_pcu_sym.28,"(20, -0.06576001149783271)"
str_m2_o1_o1_pcu_sym.28,"(21, -0.07790494271253384)"
str_m2_o1_o1_pcu_sym.28,"(22, -0.08995187565554642)"
str_m2_o1_o1_pcu_sym.28,"(23, -0.10186549173100659)"
str_m2_o1_o1_pcu_sym.28,"(24, -0.11361205205260214)"
str_m2_o1_o1_pcu_sym.28,"(25, -0.12515978434976177)"
str_m2_o1_o1_pcu_sym.28,"(26, -0.13647921698481588)"
str_m2_o1_o1_pcu_sym.28,"(27, -0.14754345382222814)"
str_m2_o1_o1_pcu_sym.28,"(28, -0.1583283861923765)"
str_m2_o1_o1_pcu_sym.28,"(29, -0.16881284066671817)"
str_m2_o1_o1_pcu_sym.28,"(30, -0.1789786636735792)"
str_m2_o1_o1_pcu_sym.28,"(31, -0.18881074602480483)"
str_m2_o1_o1_pcu_sym.28,"(32, -0.19829699211455762)"
str_m2_o1_o1_pcu_sym.28,"(33, -0.20742823984693262)"
str_m2_o1_o1_pcu_sym.28,"(34, -0.2161981382344795)"
str_m2_o1_o1_pcu_sym.28,"(35, -0.22460299009846044)"
str_m2_o1_o1_pcu_sym.28,"(36, -0.23264156742888814)"
str_m2_o1_o1_pcu_sym.28,"(37, -0.24031490677885692)"
str_m2_o1_o1_pcu_sym.28,"(38, -0.24762609163319968)"
str_m2_o1_o1_pcu_sym.28,"(39, -0.2545800280691819)"
str_m2_o1_o1_pcu_sym.28,"(40, -0.2611832192782487)"
str_m2_o1_o1_pcu_sym.28,"(41, -0.26744354369898105)"
str_m2_o1_o1_pcu_sym.28,"(42, -0.2733700406709176)"
str_m2_o1_o1_pcu_sym.28,"(43, -0.2789727066962779)"
str_m2_o1_o1_pcu_sym.28,"(44, -0.2842623046220807)"
str_m2_o1_o1_pcu_sym.28,"(45, -0.2892501873499676)"
str_m2_o1_o1_pcu_sym.28,"(46, -0.29394813705842976)"
str_m2_o1_o1_pcu_sym.28,"(47, -0.2983682203885387)"
str_m2_o1_o1_pcu_sym.28,"(48, -0.30252265960055813)"
str_m2_o1_o1_pcu_sym.28,"(49, -0.3064237193517396)"
str_m2_o1_o1_pcu_sym.28,"(50, -0.3100836084689006)"
str_m2_o1_o1_pcu_sym.28,"(51, -0.31351439588496677)"
str_m2_o1_o1_pcu_sym.28,"(52, -0.3167279397673789)"
str_m2_o1_o1_pcu_sym.28,"(53, -0.31973582877868295)"
str_m2_o1_o1_pcu_sym.28,"(54, -0.3225493343665358)"
str_m2_o1_o1_pcu_sym.28,"(55, -0.3251793729730744)"
str_m2_o1_o1_pcu_sym.28,"(56, -0.3276364770743107)"
str_m2_o1_o1_pcu_sym.28,"(57, -0.3299307740019664)"
str_m2_o1_o1_pcu_sym.28,"(58, -0.3320719715570281)"
str_m2_o1_o1_pcu_sym.28,"(59, -0.33406934949127626)"
str_m2_o1_o1_pcu_sym.28,"(60, -0.3359317560060361)"
str_m2_o1_o1_pcu_sym.28,"(61, -0.33766760849312616)"
str_m2_o1_o1_pcu_sym.28,"(62, -0.33928489781890603)"
str_m2_o1_o1_pcu_sym.28,"(63, -0.3407911955264971)"
str_m2_o1_o1_pcu_sym.28,"(64, -0.3421936634022825)"
str_m2_o1_o1_pcu_sym.28,"(65, -0.3434990649197225)"
str_m2_o1_o1_pcu_sym.28,"(66, -0.34471377813571247)"
str_m2_o1_o1_pcu_sym.28,"(67, -0.34584380967186057)"
str_m2_o1_o1_pcu_sym.28,"(68, -0.34689480946501894)"
str_m2_o1_o1_pcu_sym.28,"(69, -0.34787208601825953)"
str_m2_o1_o1_pcu_sym.28,"(70, -0.3487806219253443)"
str_m2_o1_o1_pcu_sym.28,"(71, -0.34962508947892623)"
str_m2_o1_o1_pcu_sym.28,"(72, -0.35040986620545234)"
str_m2_o1_o1_pcu_sym.28,"(73, -0.35113905019844216)"
str_m2_o1_o1_pcu_sym.28,"(74, -0.3518164751467488)"
str_m2_o1_o1_pcu_sym.28,"(75, -0.35244572497600346)"
str_m2_o1_o1_pcu_sym.28,"(76, -0.3530301480399769)"
str_m2_o1_o1_pcu_sym.28,"(77, -0.35357287081442745)"
str_m2_o1_o1_pcu_sym.28,"(78, -0.35407681105943833)"
str_m2_o1_o1_pcu_sym.28,"(79, -0.35454469042755704)"
str_m2_o1_o1_pcu_sym.28,"(80, -0.35497904650451273)"
str_m2_o1_o1_pcu_sym.28,"(81, -0.3553822442771261)"
str_m2_o1_o1_pcu_sym.28,"(82, -0.355756487029458)"
str_m2_o1_o1_pcu_sym.28,"(83, -0.35610382667347906)"
str_m2_o1_o1_pcu_sym.28,"(84, -0.3564261735247143)"
str_m2_o1_o1_pcu_sym.28,"(85, -0.356725305536619)"
str_m2_o1_o1_pcu_sym.28,"(86, -0.3570028770099778)"
str_m2_o1_o1_pcu_sym.28,"(87, -0.35726042679551423)"
str_m2_o1_o1_pcu_sym.28,"(88, -0.3574993860092637)"
str_m2_o1_o1_pcu_sym.28,"(89, -0.3577210852811666)"
str_m2_o1_o1_pcu_sym.28,"(90, -0.3579267615578794)"
str_m2_o1_o1_pcu_sym.28,"(91, -0.35811756448103216)"
str_m2_o1_o1_pcu_sym.28,"(92, -0.3582945623621353)"
str_m2_o1_o1_pcu_sym.28,"(93, -0.3584587477751211)"
str_m2_o1_o1_pcu_sym.28,"(94, -0.3586110427871192)"
str_m2_o1_o1_pcu_sym.28,"(95, -0.3587523038475541)"
str_m2_o1_o1_pcu_sym.28,"(96, -0.35888332635504516)"
str_m2_o1_o1_pcu_sym.28,"(97, -0.3590048489209179)"
str_m2_o1_o1_pcu_sym.28,"(98, -0.3591175573473945)"
str_m2_o1_o1_pcu_sym.28,"(99, -0.3592220883377765)"
str_m2_o1_o1_pcu_sym.31,"(0, 0.1498244009918641)"
str_m2_o1_o1_pcu_sym.31,"(1, 0.13643366105504223)"
str_m2_o1_o1_pcu_sym.31,"(2, 0.1223939664163375)"
str_m2_o1_o1_pcu_sym.31,"(3, 0.1077262543533495)"
str_m2_o1_o1_pcu_sym.31,"(4, 0.09246230457800592)"
str_m2_o1_o1_pcu_sym.31,"(5, 0.07664530702873362)"
str_m2_o1_o1_pcu_sym.31,"(6, 0.060330064112924964)"
str_m2_o1_o1_pcu_sym.31,"(7, 0.043582760933287584)"
str_m2_o1_o1_pcu_sym.31,"(8, 0.02648025828848996)"
str_m2_o1_o1_pcu_sym.31,"(9, 0.009108892405282315)"
str_m2_o1_o1_pcu_sym.31,"(10, -0.008437199659786898)"
str_m2_o1_o1_pcu_sym.31,"(11, -0.026058172534825008)"
str_m2_o1_o1_pcu_sym.31,"(12, -0.04365089075872214)"
str_m2_o1_o1_pcu_sym.31,"(13, -0.06111155085050189)"
str_m2_o1_o1_pcu_sym.31,"(14, -0.07833836577394498)"
str_m2_o1_o1_pcu_sym.31,"(15, -0.09523416360710292)"
str_m2_o1_o1_pcu_sym.31,"(16, -0.11170875933499391)"
str_m2_o1_o1_pcu_sym.31,"(17, -0.12768097871163175)"
str_m2_o1_o1_pcu_sym.31,"(18, -0.14308024338026387)"
str_m2_o1_o1_pcu_sym.31,"(19, -0.15784766293308733)"
str_m2_o1_o1_pcu_sym.31,"(20, -0.171936617829083)"
str_m2_o1_o1_pcu_sym.31,"(21, -0.18531285278584023)"
str_m2_o1_o1_pcu_sym.31,"(22, -0.1979541299848766)"
str_m2_o1_o1_pcu_sym.31,"(23, -0.20984951299004073)"
str_m2_o1_o1_pcu_sym.31,"(24, -0.22099836484093277)"
str_m2_o1_o1_pcu_sym.31,"(25, -0.23140914773287152)"
str_m2_o1_o1_pcu_sym.31,"(26, -0.2410981083296566)"
str_m2_o1_o1_pcu_sym.31,"(27, -0.2500879239062294)"
str_m2_o1_o1_pcu_sym.31,"(28, -0.25840637218282114)"
str_m2_o1_o1_pcu_sym.31,"(29, -0.26608507376072776)"
str_m2_o1_o1_pcu_sym.31,"(30, -0.2731583420530454)"
str_m2_o1_o1_pcu_sym.31,"(31, -0.27966216266091315)"
str_m2_o1_o1_pcu_sym.31,"(32, -0.2856333129968807)"
str_m2_o1_o1_pcu_sym.31,"(33, -0.29110862395104886)"
str_m2_o1_o1_pcu_sym.31,"(34, -0.29612437858985274)"
str_m2_o1_o1_pcu_sym.31,"(35, -0.3007158381247702)"
str_m2_o1_o1_pcu_sym.31,"(36, -0.30491688241875037)"
str_m2_o1_o1_pcu_sym.31,"(37, -0.30875975078504203)"
str_m2_o1_o1_pcu_sym.31,"(38, -0.312274868442022)"
str_m2_o1_o1_pcu_sym.31,"(39, -0.3154907444086391)"
str_m2_o1_o1_pcu_sym.31,"(40, -0.31843392759066935)"
str_m2_o1_o1_pcu_sym.31,"(41, -0.3211290091001672)"
str_m2_o1_o1_pcu_sym.31,"(42, -0.3235986603009353)"
str_m2_o1_o1_pcu_sym.31,"(43, -0.32586369755812455)"
str_m2_o1_o1_pcu_sym.31,"(44, -0.32794316610519225)"
str_m2_o1_o1_pcu_sym.31,"(45, -0.32985443677214854)"
str_m2_o1_o1_pcu_sym.31,"(46, -0.33161331051486376)"
str_m2_o1_o1_pcu_sym.31,"(47, -0.3332341267330756)"
str_m2_o1_o1_pcu_sym.31,"(48, -0.3347298722636999)"
str_m2_o1_o1_pcu_sym.31,"(49, -0.3361122886930801)"
str_m2_o1_o1_pcu_sym.31,"(50, -0.3373919762586787)"
str_m2_o1_o1_pcu_sym.31,"(51, -0.33857849312157096)"
str_m2_o1_o1_pcu_sym.31,"(52, -0.33968044920097695)"
str_m2_o1_o1_pcu_sym.31,"(53, -0.3407055940856112)"
str_m2_o1_o1_pcu_sym.31,"(54, -0.34166089878767913)"
str_m2_o1_o1_pcu_sym.31,"(55, -0.342552631296287)"
str_m2_o1_o1_pcu_sym.31,"(56, -0.343386426028894)"
str_m2_o1_o1_pcu_sym.31,"(57, -0.34416734738168236)"
str_m2_o1_o1_pcu_sym.31,"(58, -0.34489994765041004)"
str_m2_o1_o1_pcu_sym.31,"(59, -0.3455883196392056)"
str_m2_o1_o1_pcu_sym.31,"(60, -0.3462361443014387)"
str_m2_o1_o1_pcu_sym.31,"(61, -0.3468467337688014)"
str_m2_o1_o1_pcu_sym.31,"(62, -0.3474230701257986)"
str_m2_o1_o1_pcu_sym.31,"(63, -0.3479678402798567)"
str_m2_o1_o1_pcu_sym.31,"(64, -0.3484834672646303)"
str_m2_o1_o1_pcu_sym.31,"(65, -0.34897213829759577)"
str_m2_o1_o1_pcu_sym.31,"(66, -0.3494358298941117)"
str_m2_o1_o1_pcu_sym.31,"(67, -0.34987633031988785)"
str_m2_o1_o1_pcu_sym.31,"(68, -0.35029525964302166)"
str_m2_o1_o1_pcu_sym.31,"(69, -0.3506940876260957)"
str_m2_o1_o1_pcu_sym.31,"(70, -0.3510741496786292)"
str_m2_o1_o1_pcu_sym.31,"(71, -0.35143666107083)"
str_m2_o1_o1_pcu_sym.31,"(72, -0.3517827295912412)"
str_m2_o1_o1_pcu_sym.31,"(73, -0.3521133668136513)"
str_m2_o1_o1_pcu_sym.31,"(74, -0.3524294981226251)"
str_m2_o1_o1_pcu_sym.31,"(75, -0.3527319716322004)"
str_m2_o1_o1_pcu_sym.31,"(76, -0.353021566118682)"
str_m2_o1_o1_pcu_sym.31,"(77, -0.3532989980760268)"
str_m2_o1_o1_pcu_sym.31,"(78, -0.3535649279909669)"
str_m2_o1_o1_pcu_sym.31,"(79, -0.35381996592473997)"
str_m2_o1_o1_pcu_sym.31,"(80, -0.3540646764789799)"
str_m2_o1_o1_pcu_sym.31,"(81, -0.3542995832149286)"
str_m2_o1_o1_pcu_sym.31,"(82, -0.35452517258757277)"
str_m2_o1_o1_pcu_sym.31,"(83, -0.3547418974495121)"
str_m2_o1_o1_pcu_sym.31,"(84, -0.3549501801732994)"
str_m2_o1_o1_pcu_sym.31,"(85, -0.35515041543552517)"
str_m2_o1_o1_pcu_sym.31,"(86, -0.3553429727010745)"
str_m2_o1_o1_pcu_sym.31,"(87, -0.3555281984416278)"
str_m2_o1_o1_pcu_sym.31,"(88, -0.35570641811861947)"
str_m2_o1_o1_pcu_sym.31,"(89, -0.35587793795741707)"
str_m2_o1_o1_pcu_sym.31,"(90, -0.3560430465364245)"
str_m2_o1_o1_pcu_sym.31,"(91, -0.3562020162120948)"
str_m2_o1_o1_pcu_sym.31,"(92, -0.3563551043984152)"
str_m2_o1_o1_pcu_sym.31,"(93, -0.3565025547172945)"
str_m2_o1_o1_pcu_sym.31,"(94, -0.3566445980343751)"
str_m2_o1_o1_pcu_sym.31,"(95, -0.3567814533931204)"
str_m2_o1_o1_pcu_sym.31,"(96, -0.35691332885852645)"
str_m2_o1_o1_pcu_sym.31,"(97, -0.35704042228050414)"
str_m2_o1_o1_pcu_sym.31,"(98, -0.3571629219857989)"
str_m2_o1_o1_pcu_sym.31,"(99, -0.35728100740629765)"
str_m2_o1_o1_pcu_sym.39,"(0, 0.00914791958393979)"
str_m2_o1_o1_pcu_sym.39,"(1, -0.012471141294608412)"
str_m2_o1_o1_pcu_sym.39,"(2, -0.03406089791298794)"
str_m2_o1_o1_pcu_sym.39,"(3, -0.05545482398710379)"
str_m2_o1_o1_pcu_sym.39,"(4, -0.07649112853565011)"
str_m2_o1_o1_pcu_sym.39,"(5, -0.09701773101871779)"
str_m2_o1_o1_pcu_sym.39,"(6, -0.11689666380236766)"
str_m2_o1_o1_pcu_sym.39,"(7, -0.13600763794027335)"
str_m2_o1_o1_pcu_sym.39,"(8, -0.1542505928078792)"
str_m2_o1_o1_pcu_sym.39,"(9, -0.17154714810886143)"
str_m2_o1_o1_pcu_sym.39,"(10, -0.1878409741955239)"
str_m2_o1_o1_pcu_sym.39,"(11, -0.20309718109999655)"
str_m2_o1_o1_pcu_sym.39,"(12, -0.21730088941473535)"
str_m2_o1_o1_pcu_sym.39,"(13, -0.2304551830744649)"
str_m2_o1_o1_pcu_sym.39,"(14, -0.24257865554797817)"
str_m2_o1_o1_pcu_sym.39,"(15, -0.2537027507981564)"
str_m2_o1_o1_pcu_sym.39,"(16, -0.2638690745082234)"
str_m2_o1_o1_pcu_sym.39,"(17, -0.2731268159984459)"
str_m2_o1_o1_pcu_sym.39,"(18, -0.28153038291947297)"
str_m2_o1_o1_pcu_sym.39,"(19, -0.2891373138963071)"
str_m2_o1_o1_pcu_sym.39,"(20, -0.2960065019639262)"
str_m2_o1_o1_pcu_sym.39,"(21, -0.30219673555922855)"
str_m2_o1_o1_pcu_sym.39,"(22, -0.307765544483492)"
str_m2_o1_o1_pcu_sym.39,"(23, -0.31276832523815656)"
str_m2_o1_o1_pcu_sym.39,"(24, -0.3172577125672678)"
str_m2_o1_o1_pcu_sym.39,"(25, -0.32128316079128383)"
str_m2_o1_o1_pcu_sym.39,"(26, -0.3248906984505121)"
str_m2_o1_o1_pcu_sym.39,"(27, -0.3281228218647937)"
str_m2_o1_o1_pcu_sym.39,"(28, -0.3310184966073051)"
str_m2_o1_o1_pcu_sym.39,"(29, -0.3336132399264705)"
str_m2_o1_o1_pcu_sym.39,"(30, -0.3359392613559486)"
str_m2_o1_o1_pcu_sym.39,"(31, -0.3380256428100894)"
str_m2_o1_o1_pcu_sym.39,"(32, -0.33989854317763146)"
str_m2_o1_o1_pcu_sym.39,"(33, -0.34158141569951794)"
str_m2_o1_o1_pcu_sym.39,"(34, -0.3430952292131202)"
str_m2_o1_o1_pcu_sym.39,"(35, -0.3444586866737473)"
str_m2_o1_o1_pcu_sym.39,"(36, -0.34568843626004353)"
str_m2_o1_o1_pcu_sym.39,"(37, -0.3467992718813485)"
str_m2_o1_o1_pcu_sym.39,"(38, -0.3478043210860199)"
str_m2_o1_o1_pcu_sym.39,"(39, -0.3487152192733862)"
str_m2_o1_o1_pcu_sym.39,"(40, -0.34954226978795133)"
str_m2_o1_o1_pcu_sym.39,"(41, -0.3502945899669264)"
str_m2_o1_o1_pcu_sym.39,"(42, -0.35098024355920454)"
str_m2_o1_o1_pcu_sym.39,"(43, -0.3516063601676304)"
str_m2_o1_o1_pcu_sym.39,"(44, -0.3521792425133336)"
str_m2_o1_o1_pcu_sym.39,"(45, -0.35270446240245046)"
str_m2_o1_o1_pcu_sym.39,"(46, -0.353186946308916)"
str_m2_o1_o1_pcu_sym.39,"(47, -0.35363105148565555)"
str_m2_o1_o1_pcu_sym.39,"(48, -0.35404063349095005)"
str_m2_o1_o1_pcu_sym.39,"(49, -0.35441910597501675)"
str_m2_o1_o1_pcu_sym.39,"(50, -0.3547694935200132)"
str_m2_o1_o1_pcu_sym.39,"(51, -0.3550944782692516)"
str_m2_o1_o1_pcu_sym.39,"(52, -0.3553964410217062)"
str_m2_o1_o1_pcu_sym.39,"(53, -0.35567749740822563)"
str_m2_o1_o1_pcu_sym.39,"(54, -0.3559395297078913)"
str_m2_o1_o1_pcu_sym.39,"(55, -0.3561842148077278)"
str_m2_o1_o1_pcu_sym.39,"(56, -0.356413048757161)"
str_m2_o1_o1_pcu_sym.39,"(57, -0.3566273683205902)"
str_m2_o1_o1_pcu_sym.39,"(58, -0.3568283698873296)"
str_m2_o1_o1_pcu_sym.39,"(59, -0.3570171260579906)"
str_m2_o1_o1_pcu_sym.39,"(60, -0.35719460018998245)"
str_m2_o1_o1_pcu_sym.39,"(61, -0.35736165915204043)"
str_m2_o1_o1_pcu_sym.39,"(62, -0.35751908450830167)"
str_m2_o1_o1_pcu_sym.39,"(63, -0.3576675823262064)"
str_m2_o1_o1_pcu_sym.39,"(64, -0.3578077917791367)"
str_m2_o1_o1_pcu_sym.39,"(65, -0.35794029269395555)"
str_m2_o1_o1_pcu_sym.39,"(66, -0.3580656121752467)"
str_m2_o1_o1_pcu_sym.39,"(67, -0.3581842304218131)"
str_m2_o1_o1_pcu_sym.39,"(68, -0.35829658583667573)"
str_m2_o1_o1_pcu_sym.39,"(69, -0.3584030795192008)"
str_m2_o1_o1_pcu_sym.39,"(70, -0.3585040792168954)"
str_m2_o1_o1_pcu_sym.39,"(71, -0.3585999228046688)"
str_m2_o1_o1_pcu_sym.39,"(72, -0.35869092135081443)"
str_m2_o1_o1_pcu_sym.39,"(73, -0.3587773618214781)"
str_m2_o1_o1_pcu_sym.39,"(74, -0.35885950946882156)"
str_m2_o1_o1_pcu_sym.39,"(75, -0.3589376099423505)"
str_m2_o1_o1_pcu_sym.39,"(76, -0.35901189115786625)"
str_m2_o1_o1_pcu_sym.39,"(77, -0.3590825649541087)"
str_m2_o1_o1_pcu_sym.39,"(78, -0.3591498285633405)"
str_m2_o1_o1_pcu_sym.39,"(79, -0.35921386591877175)"
str_m2_o1_o1_pcu_sym.39,"(80, -0.35927484881881333)"
str_m2_o1_o1_pcu_sym.39,"(81, -0.35933293796560933)"
str_m2_o1_o1_pcu_sym.39,"(82, -0.359388283893067)"
str_m2_o1_o1_pcu_sym.39,"(83, -0.35944102779768894)"
str_m2_o1_o1_pcu_sym.39,"(84, -0.3594913022838106)"
str_m2_o1_o1_pcu_sym.39,"(85, -0.3595392320333881)"
str_m2_o1_o1_pcu_sym.39,"(86, -0.3595849344091988)"
str_m2_o1_o1_pcu_sym.39,"(87, -0.3596285199992017)"
str_m2_o1_o1_pcu_sym.39,"(88, -0.3596700931088376)"
str_m2_o1_o1_pcu_sym.39,"(89, -0.35970975220719603)"
str_m2_o1_o1_pcu_sym.39,"(90, -0.35974759033224546)"
str_m2_o1_o1_pcu_sym.39,"(91, -0.35978369545967814)"
str_m2_o1_o1_pcu_sym.39,"(92, -0.3598181508393591)"
str_m2_o1_o1_pcu_sym.39,"(93, -0.35985103530288576)"
str_m2_o1_o1_pcu_sym.39,"(94, -0.35988242354533)"
str_m2_o1_o1_pcu_sym.39,"(95, -0.359912386383878)"
str_m2_o1_o1_pcu_sym.39,"(96, -0.35994099099574106)"
str_m2_o1_o1_pcu_sym.39,"(97, -0.3599683011374421)"
str_m2_o1_o1_pcu_sym.39,"(98, -0.359994377347332)"
str_m2_o1_o1_pcu_sym.39,"(99, -0.3600192771329669)"
str_m2_o1_o1_pcu_sym.43,"(0, 0.025676906685289325)"
str_m2_o1_o1_pcu_sym.43,"(1, 0.0051402918602839465)"
str_m2_o1_o1_pcu_sym.43,"(2, -0.015422678134811352)"
str_m2_o1_o1_pcu_sym.43,"(3, -0.035871824449588)"
str_m2_o1_o1_pcu_sym.43,"(4, -0.05606982681661324)"
str_m2_o1_o1_pcu_sym.43,"(5, -0.07588591397951444)"
str_m2_o1_o1_pcu_sym.43,"(6, -0.09519919330957326)"
str_m2_o1_o1_pcu_sym.43,"(7, -0.11390144598351118)"
str_m2_o1_o1_pcu_sym.43,"(8, -0.131899262814144)"
str_m2_o1_o1_pcu_sym.43,"(9, -0.1491154527594658)"
str_m2_o1_o1_pcu_sym.43,"(10, -0.1654897140608033)"
str_m2_o1_o1_pcu_sym.43,"(11, -0.18097861030795953)"
str_m2_o1_o1_pcu_sym.43,"(12, -0.1955549355460272)"
str_m2_o1_o1_pcu_sym.43,"(13, -0.2092065810058864)"
str_m2_o1_o1_pcu_sym.43,"(14, -0.22193503051721059)"
str_m2_o1_o1_pcu_sym.43,"(15, -0.23375361334372652)"
str_m2_o1_o1_pcu_sym.43,"(16, -0.24468563452220787)"
str_m2_o1_o1_pcu_sym.43,"(17, -0.2547624868693136)"
str_m2_o1_o1_pcu_sym.43,"(18, -0.2640218287783199)"
str_m2_o1_o1_pcu_sym.43,"(19, -0.2725058905314172)"
str_m2_o1_o1_pcu_sym.43,"(20, -0.2802599512670122)"
str_m2_o1_o1_pcu_sym.43,"(21, -0.28733101044244763)"
str_m2_o1_o1_pcu_sym.43,"(22, -0.29376666244892874)"
str_m2_o1_o1_pcu_sym.43,"(23, -0.2996141712581337)"
str_m2_o1_o1_pcu_sym.43,"(24, -0.3049197335046687)"
str_m2_o1_o1_pcu_sym.43,"(25, -0.30972791287692736)"
str_m2_o1_o1_pcu_sym.43,"(26, -0.3140812256100221)"
str_m2_o1_o1_pcu_sym.43,"(27, -0.3180198557172832)"
str_m2_o1_o1_pcu_sym.43,"(28, -0.32158147885358934)"
str_m2_o1_o1_pcu_sym.43,"(29, -0.3248011749273861)"
str_m2_o1_o1_pcu_sym.43,"(30, -0.32771141139948157)"
str_m2_o1_o1_pcu_sym.43,"(31, -0.3303420813374447)"
str_m2_o1_o1_pcu_sym.43,"(32, -0.3327205825218582)"
str_m2_o1_o1_pcu_sym.43,"(33, -0.334871926076854)"
str_m2_o1_o1_pcu_sym.43,"(34, -0.3368188651270593)"
str_m2_o1_o1_pcu_sym.43,"(35, -0.33858203581168855)"
str_m2_o1_o1_pcu_sym.43,"(36, -0.34018010458940123)"
str_m2_o1_o1_pcu_sym.43,"(37, -0.341629917140827)"
str_m2_o1_o1_pcu_sym.43,"(38, -0.34294664532920754)"
str_m2_o1_o1_pcu_sym.43,"(39, -0.34414392963141394)"
str_m2_o1_o1_pcu_sym.43,"(40, -0.34523401522389074)"
str_m2_o1_o1_pcu_sym.43,"(41, -0.34622788052449993)"
str_m2_o1_o1_pcu_sym.43,"(42, -0.3471353574750042)"
str_m2_o1_o1_pcu_sym.43,"(43, -0.34796524322176503)"
str_m2_o1_o1_pcu_sym.43,"(44, -0.3487254031336843)"
str_m2_o1_o1_pcu_sym.43,"(45, -0.3494228653036824)"
str_m2_o1_o1_pcu_sym.43,"(46, -0.3500639068278099)"
str_m2_o1_o1_pcu_sym.43,"(47, -0.3506541322569149)"
str_m2_o1_o1_pcu_sym.43,"(48, -0.35119854467997896)"
str_m2_o1_o1_pcu_sym.43,"(49, -0.3517016099342939)"
str_m2_o1_o1_pcu_sym.43,"(50, -0.3521673144525045)"
str_m2_o1_o1_pcu_sym.43,"(51, -0.3525992172556778)"
str_m2_o1_o1_pcu_sym.43,"(52, -0.35300049658942084)"
str_m2_o1_o1_pcu_sym.43,"(53, -0.3533739916800479)"
str_m2_o1_o1_pcu_sym.43,"(54, -0.3537222400626151)"
str_m2_o1_o1_pcu_sym.43,"(55, -0.3540475109043023)"
str_m2_o1_o1_pcu_sym.43,"(56, -0.3543518347166904)"
str_m2_o1_o1_pcu_sym.43,"(57, -0.35463702982009815)"
str_m2_o1_o1_pcu_sym.43,"(58, -0.3549047258931439)"
str_m2_o1_o1_pcu_sym.43,"(59, -0.35515638491163515)"
str_m2_o1_o1_pcu_sym.43,"(60, -0.3553933197532193)"
str_m2_o1_o1_pcu_sym.43,"(61, -0.35561671071812817)"
str_m2_o1_o1_pcu_sym.43,"(62, -0.3558276201920215)"
str_m2_o1_o1_pcu_sym.43,"(63, -0.35602700565440315)"
str_m2_o1_o1_pcu_sym.43,"(64, -0.3562157312153581)"
str_m2_o1_o1_pcu_sym.43,"(65, -0.3563945778444002)"
str_m2_o1_o1_pcu_sym.43,"(66, -0.35656425243796175)"
str_m2_o1_o1_pcu_sym.43,"(67, -0.3567253958563849)"
str_m2_o1_o1_pcu_sym.43,"(68, -0.3568785900471319)"
str_m2_o1_o1_pcu_sym.43,"(69, -0.3570243643581578)"
str_m2_o1_o1_pcu_sym.43,"(70, -0.357163201133926)"
str_m2_o1_o1_pcu_sym.43,"(71, -0.3572955406762492)"
str_m2_o1_o1_pcu_sym.43,"(72, -0.3574217856429306)"
str_m2_o1_o1_pcu_sym.43,"(73, -0.3575423049489374)"
str_m2_o1_o1_pcu_sym.43,"(74, -0.35765743722750176)"
str_m2_o1_o1_pcu_sym.43,"(75, -0.35776749390198687)"
str_m2_o1_o1_pcu_sym.43,"(76, -0.35787276191353223)"
str_m2_o1_o1_pcu_sym.43,"(77, -0.3579735061443155)"
str_m2_o1_o1_pcu_sym.43,"(78, -0.35806997157166054)"
str_m2_o1_o1_pcu_sym.43,"(79, -0.358162385184145)"
str_m2_o1_o1_pcu_sym.43,"(80, -0.35825095768723847)"
str_m2_o1_o1_pcu_sym.43,"(81, -0.3583358850227963)"
str_m2_o1_o1_pcu_sym.43,"(82, -0.35841734972389516)"
str_m2_o1_o1_pcu_sym.43,"(83, -0.35849552212398755)"
str_m2_o1_o1_pcu_sym.43,"(84, -0.3585705614371257)"
str_m2_o1_o1_pcu_sym.43,"(85, -0.35864261672404585)"
str_m2_o1_o1_pcu_sym.43,"(86, -0.3587118277571729)"
str_m2_o1_o1_pcu_sym.43,"(87, -0.358778325796062)"
str_m2_o1_o1_pcu_sym.43,"(88, -0.3588422342834541)"
str_m2_o1_o1_pcu_sym.43,"(89, -0.35890366947092206)"
str_m2_o1_o1_pcu_sym.43,"(90, -0.3589627409820317)"
str_m2_o1_o1_pcu_sym.43,"(91, -0.3590195523200142)"
str_m2_o1_o1_pcu_sym.43,"(92, -0.35907420132612644)"
str_m2_o1_o1_pcu_sym.43,"(93, -0.35912678059415487)"
str_m2_o1_o1_pcu_sym.43,"(94, -0.35917737784588)"
str_m2_o1_o1_pcu_sym.43,"(95, -0.35922607627175884)"
str_m2_o1_o1_pcu_sym.43,"(96, -0.3592729548405857)"
str_m2_o1_o1_pcu_sym.43,"(97, -0.3593180885814595)"
str_m2_o1_o1_pcu_sym.43,"(98, -0.3593615488409986)"
str_m2_o1_o1_pcu_sym.43,"(99, -0.3594034035184009)"
str_m2_o1_o1_pcu_sym.62,"(0, 0.16019590115684657)"
str_m2_o1_o1_pcu_sym.62,"(1, 0.13939525894795535)"
str_m2_o1_o1_pcu_sym.62,"(2, 0.1173771654412276)"
str_m2_o1_o1_pcu_sym.62,"(3, 0.09426467760850044)"
str_m2_o1_o1_pcu_sym.62,"(4, 0.07021721298670619)"
str_m2_o1_o1_pcu_sym.62,"(5, 0.045428031556275866)"
str_m2_o1_o1_pcu_sym.62,"(6, 0.02011936081702914)"
str_m2_o1_o1_pcu_sym.62,"(7, -0.005464711416882095)"
str_m2_o1_o1_pcu_sym.62,"(8, -0.03106717908387585)"
str_m2_o1_o1_pcu_sym.62,"(9, -0.0564282481054149)"
str_m2_o1_o1_pcu_sym.62,"(10, -0.08129583119023226)"
str_m2_o1_o1_pcu_sym.62,"(11, -0.10543551737459948)"
str_m2_o1_o1_pcu_sym.62,"(12, -0.12863918741694247)"
str_m2_o1_o1_pcu_sym.62,"(13, -0.1507316237198525)"
str_m2_o1_o1_pcu_sym.62,"(14, -0.17157472237583063)"
str_m2_o1_o1_pcu_sym.62,"(15, -0.19106920513387704)"
str_m2_o1_o1_pcu_sym.62,"(16, -0.20915399902637324)"
str_m2_o1_o1_pcu_sym.62,"(17, -0.22580366046327954)"
str_m2_o1_o1_pcu_sym.62,"(18, -0.2410243466433677)"
str_m2_o1_o1_pcu_sym.62,"(19, -0.2548488777481771)"
str_m2_o1_o1_pcu_sym.62,"(20, -0.26733140192335714)"
str_m2_o1_o1_pcu_sym.62,"(21, -0.27854209381375583)"
str_m2_o1_o1_pcu_sym.62,"(22, -0.2885622107052507)"
str_m2_o1_o1_pcu_sym.62,"(23, -0.2974797192163242)"
str_m2_o1_o1_pcu_sym.62,"(24, -0.3053856050517457)"
str_m2_o1_o1_pcu_sym.62,"(25, -0.31237089710047206)"
str_m2_o1_o1_pcu_sym.62,"(26, -0.3185243780426123)"
str_m2_o1_o1_pcu_sym.62,"(27, -0.323930915565924)"
str_m2_o1_o1_pcu_sym.62,"(28, -0.3286703279420052)"
str_m2_o1_o1_pcu_sym.62,"(29, -0.33281669084496035)"
str_m2_o1_o1_pcu_sym.62,"(30, -0.3364379947349755)"
str_m2_o1_o1_pcu_sym.62,"(31, -0.3395960702870613)"
str_m2_o1_o1_pcu_sym.62,"(32, -0.34234671043102394)"
str_m2_o1_o1_pcu_sym.62,"(33, -0.344739929595249)"
str_m2_o1_o1_pcu_sym.62,"(34, -0.3468203124219256)"
str_m2_o1_o1_pcu_sym.62,"(35, -0.3486274147972723)"
str_m2_o1_o1_pcu_sym.62,"(36, -0.3501961891626912)"
str_m2_o1_o1_pcu_sym.62,"(37, -0.35155741364980814)"
str_m2_o1_o1_pcu_sym.62,"(38, -0.35273811068284444)"
str_m2_o1_o1_pcu_sym.62,"(39, -0.35376194547107326)"
str_m2_o1_o1_pcu_sym.62,"(40, -0.35464959846402544)"
str_m2_o1_o1_pcu_sym.62,"(41, -0.35541910855941655)"
str_m2_o1_o1_pcu_sym.62,"(42, -0.3560861858221346)"
str_m2_o1_o1_pcu_sym.62,"(43, -0.3566644938536851)"
str_m2_o1_o1_pcu_sym.62,"(44, -0.35716590288181826)"
str_m2_o1_o1_pcu_sym.62,"(45, -0.3576007152314786)"
str_m2_o1_o1_pcu_sym.62,"(46, -0.3579778651801468)"
str_m2_o1_o1_pcu_sym.62,"(47, -0.3583050953629831)"
str_m2_o1_o1_pcu_sym.62,"(48, -0.3585891119297783)"
str_m2_o1_o1_pcu_sym.62,"(49, -0.35883572060713054)"
str_m2_o1_o1_pcu_sym.62,"(50, -0.3590499457157055)"
str_m2_o1_o1_pcu_sym.62,"(51, -0.3592361340559318)"
str_m2_o1_o1_pcu_sym.62,"(52, -0.35939804542180226)"
str_m2_o1_o1_pcu_sym.62,"(53, -0.35953893134261894)"
str_m2_o1_o1_pcu_sym.62,"(54, -0.3596616034940594)"
str_m2_o1_o1_pcu_sym.62,"(55, -0.35976849306769854)"
str_m2_o1_o1_pcu_sym.62,"(56, -0.3598617022451511)"
str_m2_o1_o1_pcu_sym.62,"(57, -0.3599430487908827)"
str_m2_o1_o1_pcu_sym.62,"(58, -0.36001410465726136)"
str_m2_o1_o1_pcu_sym.62,"(59, -0.36007622938657013)"
str_m2_o1_o1_pcu_sym.62,"(60, -0.3601305989971902)"
str_m2_o1_o1_pcu_sym.62,"(61, -0.3601782309543187)"
str_m2_o1_o1_pcu_sym.62,"(62, -0.36022000574866864)"
str_m2_o1_o1_pcu_sym.62,"(63, -0.36025668553875884)"
str_m2_o1_o1_pcu_sym.62,"(64, -0.3602889302527704)"
str_m2_o1_o1_pcu_sym.62,"(65, -0.36031731149370916)"
str_m2_o1_o1_pcu_sym.62,"(66, -0.3603423245459438)"
str_m2_o1_o1_pcu_sym.62,"(67, -0.36036439874135434)"
str_m2_o1_o1_pcu_sym.62,"(68, -0.3603839064086564)"
str_m2_o1_o1_pcu_sym.62,"(69, -0.3604011705993073)"
str_m2_o1_o1_pcu_sym.62,"(70, -0.36041647175723135)"
str_m2_o1_o1_pcu_sym.62,"(71, -0.36043005347689444)"
str_m2_o1_o1_pcu_sym.62,"(72, -0.3604421274745931)"
str_m2_o1_o1_pcu_sym.62,"(73, -0.3604528778807855)"
str_m2_o1_o1_pcu_sym.62,"(74, -0.36046246494656325)"
str_m2_o1_o1_pcu_sym.62,"(75, -0.36047102824462035)"
str_m2_o1_o1_pcu_sym.62,"(76, -0.360478689434062)"
str_m2_o1_o1_pcu_sym.62,"(77, -0.36048555464889087)"
str_m2_o1_o1_pcu_sym.62,"(78, -0.3604917165617816)"
str_m2_o1_o1_pcu_sym.62,"(79, -0.3604972561676809)"
str_m2_o1_o1_pcu_sym.62,"(80, -0.36050224432563005)"
str_m2_o1_o1_pcu_sym.62,"(81, -0.360506743091942)"
str_m2_o1_o1_pcu_sym.62,"(82, -0.3605108068733025)"
str_m2_o1_o1_pcu_sym.62,"(83, -0.3605144834244315)"
str_m2_o1_o1_pcu_sym.62,"(84, -0.36051781471156047)"
str_m2_o1_o1_pcu_sym.62,"(85, -0.3605208376600502)"
str_m2_o1_o1_pcu_sym.62,"(86, -0.36052358480195706)"
str_m2_o1_o1_pcu_sym.62,"(87, -0.36052608483718407)"
str_m2_o1_o1_pcu_sym.62,"(88, -0.36052836311997527)"
str_m2_o1_o1_pcu_sym.62,"(89, -0.3605304420809001)"
str_m2_o1_o1_pcu_sym.62,"(90, -0.3605323415930791)"
str_m2_o1_o1_pcu_sym.62,"(91, -0.36053407929020365)"
str_m2_o1_o1_pcu_sym.62,"(92, -0.3605356708428665)"
str_m2_o1_o1_pcu_sym.62,"(93, -0.3605371301988247)"
str_m2_o1_o1_pcu_sym.62,"(94, -0.3605384697920534)"
str_m2_o1_o1_pcu_sym.62,"(95, -0.3605397007247756)"
str_m2_o1_o1_pcu_sym.62,"(96, -0.36054083292609224)"
str_m2_o1_o1_pcu_sym.62,"(97, -0.36054187529033144)"
str_m2_o1_o1_pcu_sym.62,"(98, -0.36054283579782404)"
str_m2_o1_o1_pcu_sym.62,"(99, -0.36054372162042775)"
str_m2_o1_o1_pcu_sym.70,"(0, 0.12365430282306285)"
str_m2_o1_o1_pcu_sym.70,"(1, 0.10742117045493073)"
str_m2_o1_o1_pcu_sym.70,"(2, 0.09035638252212913)"
str_m2_o1_o1_pcu_sym.70,"(3, 0.07252276268371131)"
str_m2_o1_o1_pcu_sym.70,"(4, 0.05400289799611341)"
str_m2_o1_o1_pcu_sym.70,"(5, 0.034898588231799754)"
str_m2_o1_o1_pcu_sym.70,"(6, 0.015329299639196742)"
str_m2_o1_o1_pcu_sym.70,"(7, -0.004570397395679715)"
str_m2_o1_o1_pcu_sym.70,"(8, -0.024654337100832244)"
str_m2_o1_o1_pcu_sym.70,"(9, -0.04476904930584025)"
str_m2_o1_o1_pcu_sym.70,"(10, -0.06475858303013653)"
str_m2_o1_o1_pcu_sym.70,"(11, -0.08446955011392442)"
str_m2_o1_o1_pcu_sym.70,"(12, -0.10375604679097232)"
str_m2_o1_o1_pcu_sym.70,"(13, -0.12248412059186078)"
str_m2_o1_o1_pcu_sym.70,"(14, -0.14053549749112312)"
str_m2_o1_o1_pcu_sym.70,"(15, -0.15781036223659983)"
str_m2_o1_o1_pcu_sym.70,"(16, -0.17422908092403824)"
str_m2_o1_o1_pcu_sym.70,"(17, -0.18973285458632067)"
str_m2_o1_o1_pcu_sym.70,"(18, -0.20428338223464912)"
str_m2_o1_o1_pcu_sym.70,"(19, -0.21786168116756585)"
str_m2_o1_o1_pcu_sym.70,"(20, -0.23046625594318476)"
str_m2_o1_o1_pcu_sym.70,"(21, -0.24211082454557709)"
str_m2_o1_o1_pcu_sym.70,"(22, -0.2528218042865178)"
str_m2_o1_o1_pcu_sym.70,"(23, -0.26263573667239604)"
str_m2_o1_o1_pcu_sym.70,"(24, -0.27159679654687113)"
str_m2_o1_o1_pcu_sym.70,"(25, -0.2797544926141773)"
str_m2_o1_o1_pcu_sym.70,"(26, -0.28716162904267795)"
str_m2_o1_o1_pcu_sym.70,"(27, -0.29387256473374224)"
str_m2_o1_o1_pcu_sym.70,"(28, -0.2999417799347088)"
str_m2_o1_o1_pcu_sym.70,"(29, -0.3054227397872491)"
str_m2_o1_o1_pcu_sym.70,"(30, -0.3103670308084937)"
str_m2_o1_o1_pcu_sym.70,"(31, -0.314823738311996)"
str_m2_o1_o1_pcu_sym.70,"(32, -0.3188390292450462)"
str_m2_o1_o1_pcu_sym.70,"(33, -0.322455904674931)"
str_m2_o1_o1_pcu_sym.70,"(34, -0.32571408813745634)"
str_m2_o1_o1_pcu_sym.70,"(35, -0.32865001938590804)"
str_m2_o1_o1_pcu_sym.70,"(36, -0.3312969270688906)"
str_m2_o1_o1_pcu_sym.70,"(37, -0.33368495803295073)"
str_m2_o1_o1_pcu_sym.70,"(38, -0.3358413449650384)"
str_m2_o1_o1_pcu_sym.70,"(39, -0.3377905977642863)"
str_m2_o1_o1_pcu_sym.70,"(40, -0.33955470726181874)"
str_m2_o1_o1_pcu_sym.70,"(41, -0.34115335265806723)"
str_m2_o1_o1_pcu_sym.70,"(42, -0.3426041063298858)"
str_m2_o1_o1_pcu_sym.70,"(43, -0.3439226315112186)"
str_m2_o1_o1_pcu_sym.70,"(44, -0.3451228698211878)"
str_m2_o1_o1_pcu_sym.70,"(45, -0.3462172167568245)"
str_m2_o1_o1_pcu_sym.70,"(46, -0.34721668413819295)"
str_m2_o1_o1_pcu_sym.70,"(47, -0.34813104914104287)"
str_m2_o1_o1_pcu_sym.70,"(48, -0.34896899002054915)"
str_m2_o1_o1_pcu_sym.70,"(49, -0.34973820895700525)"
str_m2_o1_o1_pcu_sym.70,"(50, -0.35044554267223216)"
str_m2_o1_o1_pcu_sym.70,"(51, -0.3510970616000244)"
str_m2_o1_o1_pcu_sym.70,"(52, -0.35169815846615526)"
str_m2_o1_o1_pcu_sym.70,"(53, -0.35225362716001385)"
str_m2_o1_o1_pcu_sym.70,"(54, -0.3527677327739342)"
str_m2_o1_o1_pcu_sym.70,"(55, -0.3532442736577765)"
str_m2_o1_o1_pcu_sym.70,"(56, -0.3536866362930692)"
str_m2_o1_o1_pcu_sym.70,"(57, -0.3540978437387492)"
str_m2_o1_o1_pcu_sym.70,"(58, -0.3544805983435547)"
str_m2_o1_o1_pcu_sym.70,"(59, -0.35483731936146773)"
str_m2_o1_o1_pcu_sym.70,"(60, -0.355170176048489)"
str_m2_o1_o1_pcu_sym.70,"(61, -0.3554811167628947)"
str_m2_o1_o1_pcu_sym.70,"(62, -0.3557718945379798)"
str_m2_o1_o1_pcu_sym.70,"(63, -0.35604408954665934)"
str_m2_o1_o1_pcu_sym.70,"(64, -0.3562991288315251)"
str_m2_o1_o1_pcu_sym.70,"(65, -0.3565383036320803)"
str_m2_o1_o1_pcu_sym.70,"(66, -0.35676278460289335)"
str_m2_o1_o1_pcu_sym.70,"(67, -0.356973635182138)"
str_m2_o1_o1_pcu_sym.70,"(68, -0.3571718233392519)"
str_m2_o1_o1_pcu_sym.70,"(69, -0.35735823190298227)"
str_m2_o1_o1_pcu_sym.70,"(70, -0.3575336676466455)"
str_m2_o1_o1_pcu_sym.70,"(71, -0.357698869285749)"
str_m2_o1_o1_pcu_sym.70,"(72, -0.3578545145239411)"
str_m2_o1_o1_pcu_sym.70,"(73, -0.3580012262663281)"
str_m2_o1_o1_pcu_sym.70,"(74, -0.3581395781042843)"
str_m2_o1_o1_pcu_sym.70,"(75, -0.3582700991627794)"
str_m2_o1_o1_pcu_sym.70,"(76, -0.3583932783897355)"
str_m2_o1_o1_pcu_sym.70,"(77, -0.3585095683568472)"
str_m2_o1_o1_pcu_sym.70,"(78, -0.3586193886324653)"
str_m2_o1_o1_pcu_sym.70,"(79, -0.35872312877942364)"
str_m2_o1_o1_pcu_sym.70,"(80, -0.3588211510239456)"
str_m2_o1_o1_pcu_sym.70,"(81, -0.3589137926358705)"
str_m2_o1_o1_pcu_sym.70,"(82, -0.35900136805530897)"
str_m2_o1_o1_pcu_sym.70,"(83, -0.35908417079634936)"
str_m2_o1_o1_pcu_sym.70,"(84, -0.35916247515453553)"
str_m2_o1_o1_pcu_sym.70,"(85, -0.3592365377414377)"
str_m2_o1_o1_pcu_sym.70,"(86, -0.3593065988666711)"
str_m2_o1_o1_pcu_sym.70,"(87, -0.35937288378514)"
str_m2_o1_o1_pcu_sym.70,"(88, -0.3594356038250445)"
str_m2_o1_o1_pcu_sym.70,"(89, -0.35949495741022874)"
str_m2_o1_o1_pcu_sym.70,"(90, -0.35955113098875147)"
str_m2_o1_o1_pcu_sym.70,"(91, -0.3596042998780826)"
str_m2_o1_o1_pcu_sym.70,"(92, -0.35965462903603496)"
str_m2_o1_o1_pcu_sym.70,"(93, -0.3597022737654316)"
str_m2_o1_o1_pcu_sym.70,"(94, -0.3597473803595202)"
str_m2_o1_o1_pcu_sym.70,"(95, -0.35979008669430534)"
str_m2_o1_o1_pcu_sym.70,"(96, -0.3598305227732246)"
str_m2_o1_o1_pcu_sym.70,"(97, -0.35986881122895265)"
str_m2_o1_o1_pcu_sym.70,"(98, -0.35990506778654985)"
str_m2_o1_o1_pcu_sym.70,"(99, -0.3599394016916874)"
str_m2_o1_o1_pcu_sym.81,"(0, 0.15080697475930793)"
str_m2_o1_o1_pcu_sym.81,"(1, 0.13971411097253233)"
str_m2_o1_o1_pcu_sym.81,"(2, 0.1282503943928983)"
str_m2_o1_o1_pcu_sym.81,"(3, 0.1164324085755441)"
str_m2_o1_o1_pcu_sym.81,"(4, 0.1042803088208834)"
str_m2_o1_o1_pcu_sym.81,"(5, 0.09181780749171656)"
str_m2_o1_o1_pcu_sym.81,"(6, 0.07907208481120295)"
str_m2_o1_o1_pcu_sym.81,"(7, 0.0660736214335392)"
str_m2_o1_o1_pcu_sym.81,"(8, 0.052855951917978816)"
str_m2_o1_o1_pcu_sym.81,"(9, 0.03945534138294779)"
str_m2_o1_o1_pcu_sym.81,"(10, 0.02591039088815622)"
str_m2_o1_o1_pcu_sym.81,"(11, 0.012261580279683826)"
str_m2_o1_o1_pcu_sym.81,"(12, -0.0014492398815718066)"
str_m2_o1_o1_pcu_sym.81,"(13, -0.01517939330892315)"
str_m2_o1_o1_pcu_sym.81,"(14, -0.028885944196827662)"
str_m2_o1_o1_pcu_sym.81,"(15, -0.0425262680446481)"
str_m2_o1_o1_pcu_sym.81,"(16, -0.05605861045077082)"
str_m2_o1_o1_pcu_sym.81,"(17, -0.06944261803011251)"
str_m2_o1_o1_pcu_sym.81,"(18, -0.08263982717556873)"
str_m2_o1_o1_pcu_sym.81,"(19, -0.09561409858689446)"
str_m2_o1_o1_pcu_sym.81,"(20, -0.10833198815605839)"
str_m2_o1_o1_pcu_sym.81,"(21, -0.12076304773186505)"
str_m2_o1_o1_pcu_sym.81,"(22, -0.1328800522918448)"
str_m2_o1_o1_pcu_sym.81,"(23, -0.14465915294431575)"
str_m2_o1_o1_pcu_sym.81,"(24, -0.15607995781505501)"
str_m2_o1_o1_pcu_sym.81,"(25, -0.16712554512571998)"
str_m2_o1_o1_pcu_sym.81,"(26, -0.1777824145710187)"
str_m2_o1_o1_pcu_sym.81,"(27, -0.18804038441546755)"
str_m2_o1_o1_pcu_sym.81,"(28, -0.19789244256158026)"
str_m2_o1_o1_pcu_sym.81,"(29, -0.2073345602223691)"
str_m2_o1_o1_pcu_sym.81,"(30, -0.21636547681651241)"
str_m2_o1_o1_pcu_sym.81,"(31, -0.22498646436228048)"
str_m2_o1_o1_pcu_sym.81,"(32, -0.2332010790500382)"
str_m2_o1_o1_pcu_sym.81,"(33, -0.24101490689623942)"
str_m2_o1_o1_pcu_sym.81,"(34, -0.24843530949256132)"
str_m2_o1_o1_pcu_sym.81,"(35, -0.2554711749221528)"
str_m2_o1_o1_pcu_sym.81,"(36, -0.26213267797074036)"
str_m2_o1_o1_pcu_sym.81,"(37, -0.26843105285262336)"
str_m2_o1_o1_pcu_sym.81,"(38, -0.27437838082908517)"
str_m2_o1_o1_pcu_sym.81,"(39, -0.2799873943385401)"
str_m2_o1_o1_pcu_sym.81,"(40, -0.28527129859473177)"
str_m2_o1_o1_pcu_sym.81,"(41, -0.29024361104562224)"
str_m2_o1_o1_pcu_sym.81,"(42, -0.2949180186200947)"
str_m2_o1_o1_pcu_sym.81,"(43, -0.2993082523172485)"
str_m2_o1_o1_pcu_sym.81,"(44, -0.30342797840617697)"
str_m2_o1_o1_pcu_sym.81,"(45, -0.30729070529349234)"
str_m2_o1_o1_pcu_sym.81,"(46, -0.3109097049714321)"
str_m2_o1_o1_pcu_sym.81,"(47, -0.3142979478710869)"
str_m2_o1_o1_pcu_sym.81,"(48, -0.3174680499033547)"
str_m2_o1_o1_pcu_sym.81,"(49, -0.32043223046560965)"
str_m2_o1_o1_pcu_sym.81,"(50, -0.32320228021662323)"
str_m2_o1_o1_pcu_sym.81,"(51, -0.3257895374687777)"
str_m2_o1_o1_pcu_sym.81,"(52, -0.3282048721089368)"
str_m2_o1_o1_pcu_sym.81,"(53, -0.3304586760322823)"
str_m2_o1_o1_pcu_sym.81,"(54, -0.33256085915272493)"
str_m2_o1_o1_pcu_sym.81,"(55, -0.33452085013575106)"
str_m2_o1_o1_pcu_sym.81,"(56, -0.33634760108207107)"
str_m2_o1_o1_pcu_sym.81,"(57, -0.3380495954711541)"
str_m2_o1_o1_pcu_sym.81,"(58, -0.33963485875118626)"
str_m2_o1_o1_pcu_sym.81,"(59, -0.3411109710350958)"
str_m2_o1_o1_pcu_sym.81,"(60, -0.3424850814304194)"
str_m2_o1_o1_pcu_sym.81,"(61, -0.3437639235934977)"
str_m2_o1_o1_pcu_sym.81,"(62, -0.34495383215570286)"
str_m2_o1_o1_pcu_sym.81,"(63, -0.3460607597210694)"
str_m2_o1_o1_pcu_sym.81,"(64, -0.3470902941810382)"
str_m2_o1_o1_pcu_sym.81,"(65, -0.3480476761332379)"
str_m2_o1_o1_pcu_sym.81,"(66, -0.34893781622764314)"
str_m2_o1_o1_pcu_sym.81,"(67, -0.349765312295416)"
str_m2_o1_o1_pcu_sym.81,"(68, -0.3505344661436106)"
str_m2_o1_o1_pcu_sym.81,"(69, -0.35124929992307796)"
str_m2_o1_o1_pcu_sym.81,"(70, -0.35191357199771217)"
str_m2_o1_o1_pcu_sym.81,"(71, -0.3525307922609833)"
str_m2_o1_o1_pcu_sym.81,"(72, -0.35310423686082965)"
str_m2_o1_o1_pcu_sym.81,"(73, -0.3536369623067555)"
str_m2_o1_o1_pcu_sym.81,"(74, -0.3541318189436774)"
str_m2_o1_o1_pcu_sym.81,"(75, -0.35459146378593526)"
str_m2_o1_o1_pcu_sym.81,"(76, -0.3550183727122023)"
str_m2_o1_o1_pcu_sym.81,"(77, -0.3554148520279533)"
str_m2_o1_o1_pcu_sym.81,"(78, -0.3557830494069243)"
str_m2_o1_o1_pcu_sym.81,"(79, -0.35612496422675266)"
str_m2_o1_o1_pcu_sym.81,"(80, -0.35644245731688384)"
str_m2_o1_o1_pcu_sym.81,"(81, -0.35673726013901585)"
str_m2_o1_o1_pcu_sym.81,"(82, -0.3570109834219054)"
str_m2_o1_o1_pcu_sym.81,"(83, -0.3572651252734224)"
str_m2_o1_o1_pcu_sym.81,"(84, -0.3575010787933566)"
str_m2_o1_o1_pcu_sym.81,"(85, -0.3577201392107674)"
str_m2_o1_o1_pcu_sym.81,"(86, -0.3579235105696507)"
str_m2_o1_o1_pcu_sym.81,"(87, -0.35811231198645854)"
str_m2_o1_o1_pcu_sym.81,"(88, -0.35828758350258594)"
str_m2_o1_o1_pcu_sym.81,"(89, -0.35845029155436525)"
str_m2_o1_o1_pcu_sym.81,"(90, -0.3586013340824332)"
str_m2_o1_o1_pcu_sym.81,"(91, -0.35874154530157076)"
str_m2_o1_o1_pcu_sym.81,"(92, -0.3588717001512982)"
str_m2_o1_o1_pcu_sym.81,"(93, -0.3589925184466442)"
str_m2_o1_o1_pcu_sym.81,"(94, -0.3591046687476289)"
str_m2_o1_o1_pcu_sym.81,"(95, -0.359208771965107)"
str_m2_o1_o1_pcu_sym.81,"(96, -0.359305404719727)"
str_m2_o1_o1_pcu_sym.81,"(97, -0.35939510246987866)"
str_m2_o1_o1_pcu_sym.81,"(98, -0.3594783624236421)"
str_m2_o1_o1_pcu_sym.81,"(99, -0.3595556462489062)"
